category,total_spent
Clothing,767.84
Electronics,1446.3799999999999
Food,479.64
Outdoors,112.85999999999999
Personal care,1302.72
